﻿<?xml version="1.0" encoding="utf-8"?>
<deployment>
  <id>73c54226-0258-40f9-9a0d-94110c9a6f51</id>
  <author>N/A</author>
  <deployer>Push-Deployer</deployer>
  <authorEmail>N/A</authorEmail>
  <message>Created via a push deployment</message>
  <progress></progress>
  <status>Success</status>
  <statusText></statusText>
  <lastSuccessEndTime>2025-12-07T21:57:24.2360217Z</lastSuccessEndTime>
  <receivedTime>2025-12-07T21:57:19.8292209Z</receivedTime>
  <startTime>2025-12-07T21:57:21.4876115Z</startTime>
  <endTime>2025-12-07T21:57:24.2360217Z</endTime>
  <complete>True</complete>
  <is_temp>False</is_temp>
  <is_readonly>True</is_readonly>
  <buildSummary />
</deployment>