<step title="Incoming Request" date="2025-12-07T20:24:05.020" instance="41d990" url="/api/publish?type=zip&amp;async=True" method="POST" type="request" pid="831,1,7" Accept="*/*" Host="four33-api-dmgddtanecdzbnh8.scm.westeurope-01.azurewebsites.net" User-Agent="AZURECLI/2.75.0 (MSI)" Accept-Encoding="gzip, deflate" Authorization="Bea..." Cache-Control="no-cache" Content-Type="application/octet-stream" Cookie="ARRAffinity=41d990ad34bd5e0f42c1fdc3f4923c61f776461bb4c2c644bde9e681f6c23001; ARRAffinitySameSite=41d990ad34bd5e0f42c1fdc3f4923c61f776461bb4c2c644bde9e681f6c23001" Content-Length="4804557" x-ms-client-request-id="a5ab61af-d3aa-11f0-b2a0-28d0eaf4b892" x-ms-artifact-checksum="7bc8712b38c5d0f89d75d0186abea223b53de42e9bdd8c0d8171c65dd4180747" X-ARR-LOG-ID="a5ab61af-d3aa-11f0-b2a0-28d0eaf4b892" CLIENT-IP="89.247.163.18:15419" X-SITE-DEPLOYMENT-ID="four33-api" WAS-DEFAULT-HOSTNAME="four33-api-dmgddtanecdzbnh8.scm.westeurope-01.azurewebsites.net" X-Forwarded-Proto="https" X-AppService-Proto="https" X-Forwarded-TlsVersion="1.3" X-WAWS-Unencoded-URL="/api/publish?type=zip&amp;async=True" X-Client-IP="89.247.163.18" X-Client-Port="15419" >
  <step title="OneDeploy" date="2025-12-07T20:24:05.063" >
    <step title="None repository commit" date="2025-12-07T20:24:05.081" >
      <step title="Commit id: 0d186d36-5d21-432f-90da-b6e5fe3330e8" date="2025-12-07T20:24:05.100" Message="N/A" AuthorName="N/A" AuthorEmail="N/A" /><!-- duration: 8ms -->
    </step><!-- duration: 34ms -->
    <step title="Starting PushDeployAsync" date="2025-12-07T20:24:05.122" /><!-- duration: 7ms -->
    <step title="Writing artifact to /tmp/zipdeploy/c56f31bc-74ce-42ed-95f1-44abf8b94bd9.zip" date="2025-12-07T20:24:05.204" >
      <step title="Writing multipart request body to /tmp/zipdeploy/c56f31bc-74ce-42ed-95f1-44abf8b94bd9.zip" date="2025-12-07T20:24:05.221" /><!-- duration: 20ms -->
    </step><!-- duration: 1003ms -->
    <step title="Start deployment in the background" date="2025-12-07T20:24:06.247" >
      <step title="Acquiring Deployment Lock" date="2025-12-07T20:24:06.273" /><!-- duration: 13ms -->
      <step title="Acquired Deployment Lock" date="2025-12-07T20:24:06.338" /><!-- duration: 9ms -->
    </step><!-- duration: 284ms -->
  </step><!-- duration: 1500ms -->
  <step title="Outgoing response" date="2025-12-07T20:24:06.586" type="response" statusCode="202" statusText="Accepted" /><!-- duration: 9ms -->
</step><!-- duration: 1581ms -->
