<step title="BackgroundTrace" date="2025-12-07T19:37:34.897" instance="95ae4b" url="/api/zipdeploy" method="POST" >
  <step title="Creating temporary deployment - FetchDeploymentManager" date="2025-12-07T19:37:34.959" /><!-- duration: 2ms -->
  <step title="Creating temporary deployment" date="2025-12-07T19:37:34.966" /><!-- duration: 83ms -->
  <step title="Performing fetch based deployment" date="2025-12-07T19:37:35.095" >
    <step title="Cleaning up temp folders from previous zip deployments and extracting pushed zip file /tmp/zipdeploy/a4c52900-d178-4bdd-8819-f89bab7fc749.zip (4.57 MB) to /tmp/zipdeploy/extracted" date="2025-12-07T19:37:36.317" >
      <step title="ChmodRecursive Process exited with total time taken in ms: 15" date="2025-12-07T19:37:36.471" /><!-- duration: 4ms -->
    </step><!-- duration: 166ms -->
    <step title="Deployment timer started" date="2025-12-07T19:37:38.490" >
      <step title="DeploymentManager.Deploy(id:59ad728f-9914-4f36-b005-3ce343d41b75)" date="2025-12-07T19:37:38.496" >
        <step title="Collecting changeset information" date="2025-12-07T19:37:38.509" /><!-- duration: 98ms -->
        <step title="Updating submodules" date="2025-12-07T19:37:38.612" /><!-- duration: 1185ms -->
        <step title="Determining deployment builder" date="2025-12-07T19:37:40.336" >
          <step title="Builder is BasicBuilder" date="2025-12-07T19:37:40.349" /><!-- duration: 3ms -->
        </step><!-- duration: 19ms -->
        <step title="PreDeployment: context.CleanOutputPath False" date="2025-12-07T19:37:40.404" >
          <step title="PreDeployment: context.OutputPath /home/site/wwwroot" date="2025-12-07T19:37:40.549" >
            <step title="Building" date="2025-12-07T19:37:40.716" >
              <step title="Executing external process" date="2025-12-07T19:37:41.047" type="process" path="starter.sh" arguments="/opt/Kudu/Scripts/parallel_rsync.sh /tmp/zipdeploy/extracted /home/site/wwwroot 8 /tmp/ False True  " /><!-- duration: 2343ms -->
              <step title="Triggering recycle (preview mode disabled)." date="2025-12-07T19:37:43.742" /><!-- duration: 4ms -->
              <step title="Modified file to trigger a restart of the app container." date="2025-12-07T19:37:43.770" /><!-- duration: 3ms -->
              <step title="Skip function trigger and logicapp sync because function is not enabled." date="2025-12-07T19:37:43.777" /><!-- duration: 4ms -->
              <step title="Purge deployment items" date="2025-12-07T19:37:44.518" >
                <step title="Remove 48493a5d-, Failed, received at 12/07/2025 19:36:20" date="2025-12-07T19:37:44.580" /><!-- duration: 3ms -->
              </step><!-- duration: 69ms -->
            </step><!-- duration: 3946ms -->
          </step><!-- duration: 4118ms -->
          <step title="Cleaning up temp files" date="2025-12-07T19:37:44.669" /><!-- duration: 3ms -->
          <step title="Cleaning up temp files" date="2025-12-07T19:37:44.681" /><!-- duration: 505ms -->
          <step title="Reloading status file with latest updates" date="2025-12-07T19:37:45.237" >
            <step title="WebHooksManager.PublishEventAsync: PostDeployment" date="2025-12-07T19:37:45.247" /><!-- duration: 58ms -->
          </step><!-- duration: 71ms -->
          <step title="Cleaning up temporary deployment - fetch deployment was successful" date="2025-12-07T19:37:45.314" /><!-- duration: 3ms -->
        </step><!-- duration: 5020ms -->
      </step><!-- duration: 6943ms -->
