<step title="Incoming Request" date="2025-12-07T19:31:26.562" instance="95ae4b" url="/api/zipdeploy?isAsync=true" method="POST" type="request" pid="831,1,14" Accept="*/*" Host="four33-api-dmgddtanecdzbnh8.scm.westeurope-01.azurewebsites.net" User-Agent="AZURECLI/2.75.0 (MSI)" Accept-Encoding="gzip, deflate" Authorization="Bea..." Cache-Control="no-cache" Content-Type="application/octet-stream" Cookie="ARRAffinity=852031a12e914fdae2e8d2c29c2c87244949e182080eff6b24e6b2582e3e9b5b; ARRAffinitySameSite=852031a12e914fdae2e8d2c29c2c87244949e182080eff6b24e6b2582e3e9b5b" Content-Length="23171" x-ms-client-request-id="3d369691-d3a3-11f0-8c47-28d0eaf4b892" x-ms-artifact-checksum="ad33efce19cca84f2bcb7aa1d280288908a3d7686c1bfeb479b5c3a87f3b6192" X-ARR-LOG-ID="3d369691-d3a3-11f0-8c47-28d0eaf4b892" CLIENT-IP="89.247.163.18:15447" X-SITE-DEPLOYMENT-ID="four33-api" WAS-DEFAULT-HOSTNAME="four33-api-dmgddtanecdzbnh8.scm.westeurope-01.azurewebsites.net" X-Forwarded-Proto="https" X-AppService-Proto="https" X-Forwarded-TlsVersion="1.3" X-WAWS-Unencoded-URL="/api/zipdeploy?isAsync=true" X-Client-IP="89.247.163.18" X-Client-Port="15447" >
  <step title="ZipPushDeploy" date="2025-12-07T19:31:26.606" >
    <step title="ZipDeploy. Extract zip. Remote build." date="2025-12-07T19:31:26.616" /><!-- duration: 6ms -->
    <step title="None repository commit" date="2025-12-07T19:31:26.629" >
      <step title="Commit id: 207bc88e-4517-4250-a0e0-146c2e0bd565" date="2025-12-07T19:31:26.634" Message="N/A" AuthorName="N/A" AuthorEmail="N/A" /><!-- duration: 3ms -->
    </step><!-- duration: 12ms -->
    <step title="Starting PushDeployAsync" date="2025-12-07T19:31:26.644" /><!-- duration: 3ms -->
    <step title="Writing artifact to /tmp/zipdeploy/33353eb0-659c-4b26-98af-10f5dfed30c8.zip" date="2025-12-07T19:31:26.660" >
      <step title="Writing multipart request body to /tmp/zipdeploy/33353eb0-659c-4b26-98af-10f5dfed30c8.zip" date="2025-12-07T19:31:26.663" /><!-- duration: 3ms -->
    </step><!-- duration: 19ms -->
    <step title="Start deployment in the background" date="2025-12-07T19:31:26.694" >
      <step title="Acquiring Deployment Lock" date="2025-12-07T19:31:26.705" /><!-- duration: 3ms -->
      <step title="Acquired Deployment Lock" date="2025-12-07T19:31:26.764" /><!-- duration: 3ms -->
    </step><!-- duration: 165ms -->
  </step><!-- duration: 259ms -->
  <step title="Outgoing response" date="2025-12-07T19:31:26.875" type="response" statusCode="202" statusText="Accepted" /><!-- duration: 5ms -->
</step><!-- duration: 321ms -->
