<step title="BackgroundTrace" date="2025-12-07T21:57:15.035" instance="41d990" url="/api/zipdeploy" method="POST" >
  <step title="Cleanup Xml Logs" date="2025-12-07T21:57:15.047" /><!-- duration: 38ms -->
  <step title="Creating temporary deployment - FetchDeploymentManager" date="2025-12-07T21:57:15.392" /><!-- duration: 14ms -->
  <step title="Creating temporary deployment" date="2025-12-07T21:57:15.419" /><!-- duration: 318ms -->
  <step title="Performing fetch based deployment" date="2025-12-07T21:57:15.978" >
    <step title="Deployment timer started" date="2025-12-07T21:57:19.566" >
      <step title="DeploymentManager.Deploy(id:73c54226-0258-40f9-9a0d-94110c9a6f51)" date="2025-12-07T21:57:19.657" >
        <step title="Collecting changeset information" date="2025-12-07T21:57:19.750" /><!-- duration: 192ms -->
        <step title="Updating submodules" date="2025-12-07T21:57:19.982" /><!-- duration: 1228ms -->
        <step title="Determining deployment builder" date="2025-12-07T21:57:21.614" >
          <step title="Builder is RunFromZipSiteBuilder" date="2025-12-07T21:57:21.639" /><!-- duration: 13ms -->
        </step><!-- duration: 46ms -->
        <step title="PreDeployment: context.CleanOutputPath False" date="2025-12-07T21:57:21.736" >
          <step title="PreDeployment: context.OutputPath /home/site/wwwroot" date="2025-12-07T21:57:21.955" >
            <step title="Building" date="2025-12-07T21:57:22.201" >
              <step title="Triggering recycle (preview mode disabled)." date="2025-12-07T21:57:23.162" /><!-- duration: 22ms -->
              <step title="Modified file to trigger a restart of the app container." date="2025-12-07T21:57:23.244" /><!-- duration: 7ms -->
              <step title="Skip function trigger and logicapp sync because function is not enabled." date="2025-12-07T21:57:23.260" /><!-- duration: 14ms -->
              <step title="Purge deployment items" date="2025-12-07T21:57:24.755" >
                <step title="Remove 0d186d36-, Failed, received at 12/07/2025 20:24:10" date="2025-12-07T21:57:24.853" /><!-- duration: 7ms -->
              </step><!-- duration: 113ms -->
            </step><!-- duration: 2777ms -->
          </step><!-- duration: 3042ms -->
          <step title="Cleaning up temp files" date="2025-12-07T21:57:25.010" /><!-- duration: 12ms -->
          <step title="Cleaning up temp files" date="2025-12-07T21:57:25.031" /><!-- duration: 510ms -->
          <step title="Reloading status file with latest updates" date="2025-12-07T21:57:25.614" >
            <step title="WebHooksManager.PublishEventAsync: PostDeployment" date="2025-12-07T21:57:25.622" /><!-- duration: 57ms -->
          </step><!-- duration: 74ms -->
          <step title="Cleaning up temporary deployment - fetch deployment was successful" date="2025-12-07T21:57:25.700" /><!-- duration: 9ms -->
        </step><!-- duration: 4095ms -->
      </step><!-- duration: 6223ms -->
