<step title="Incoming Request" date="2025-12-07T19:37:33.258" instance="95ae4b" url="/api/zipdeploy?isAsync=true" method="POST" type="request" pid="831,1,7" Accept="*/*" Host="four33-api-dmgddtanecdzbnh8.scm.westeurope-01.azurewebsites.net" User-Agent="AZURECLI/2.75.0 (MSI)" Accept-Encoding="gzip, deflate" Authorization="Bea..." Cache-Control="no-cache" Content-Type="application/octet-stream" Cookie="ARRAffinity=95ae4b9e129594b73eb5e52351a2f4a406bd08392b07b6397ecb8caa8893c280; ARRAffinitySameSite=95ae4b9e129594b73eb5e52351a2f4a406bd08392b07b6397ecb8caa8893c280" Content-Length="4792707" x-ms-client-request-id="281cb4d6-d3a4-11f0-93ef-28d0eaf4b892" x-ms-artifact-checksum="36794e108e6277a40b5ea2deb4c0ba865cf1619d85c7a2bc056238f077b2c150" X-ARR-LOG-ID="281cb4d6-d3a4-11f0-93ef-28d0eaf4b892" CLIENT-IP="89.247.163.18:15428" X-SITE-DEPLOYMENT-ID="four33-api" WAS-DEFAULT-HOSTNAME="four33-api-dmgddtanecdzbnh8.scm.westeurope-01.azurewebsites.net" X-Forwarded-Proto="https" X-AppService-Proto="https" X-Forwarded-TlsVersion="1.3" X-WAWS-Unencoded-URL="/api/zipdeploy?isAsync=true" X-Client-IP="89.247.163.18" X-Client-Port="15428" >
  <step title="ZipPushDeploy" date="2025-12-07T19:37:33.309" >
    <step title="ZipDeploy. Extract zip." date="2025-12-07T19:37:33.315" /><!-- duration: 4ms -->
    <step title="None repository commit" date="2025-12-07T19:37:33.325" >
      <step title="Commit id: 59ad728f-9914-4f36-b005-3ce343d41b75" date="2025-12-07T19:37:33.328" Message="N/A" AuthorName="N/A" AuthorEmail="N/A" /><!-- duration: 3ms -->
    </step><!-- duration: 10ms -->
    <step title="Starting PushDeployAsync" date="2025-12-07T19:37:33.338" /><!-- duration: 2ms -->
    <step title="Writing artifact to /tmp/zipdeploy/a4c52900-d178-4bdd-8819-f89bab7fc749.zip" date="2025-12-07T19:37:33.351" >
      <step title="Writing multipart request body to /tmp/zipdeploy/a4c52900-d178-4bdd-8819-f89bab7fc749.zip" date="2025-12-07T19:37:33.355" /><!-- duration: 3ms -->
    </step><!-- duration: 1519ms -->
    <step title="Start deployment in the background" date="2025-12-07T19:37:34.891" >
      <step title="Acquiring Deployment Lock" date="2025-12-07T19:37:34.906" /><!-- duration: 3ms -->
      <step title="Acquired Deployment Lock" date="2025-12-07T19:37:34.950" /><!-- duration: 5ms -->
    </step><!-- duration: 162ms -->
  </step><!-- duration: 1750ms -->
  <step title="Outgoing response" date="2025-12-07T19:37:35.067" type="response" statusCode="202" statusText="Accepted" /><!-- duration: 7ms -->
</step><!-- duration: 1823ms -->
