<step title="Incoming Request" date="2025-12-07T19:35:20.107" instance="95ae4b" url="/api/zipdeploy?isAsync=true" method="POST" type="request" pid="831,1,19" Accept="*/*" Host="four33-api-dmgddtanecdzbnh8.scm.westeurope-01.azurewebsites.net" User-Agent="AZURECLI/2.75.0 (MSI)" Accept-Encoding="gzip, deflate" Authorization="Bea..." Cache-Control="no-cache" Content-Type="application/octet-stream" Cookie="ARRAffinity=95ae4b9e129594b73eb5e52351a2f4a406bd08392b07b6397ecb8caa8893c280; ARRAffinitySameSite=95ae4b9e129594b73eb5e52351a2f4a406bd08392b07b6397ecb8caa8893c280" Content-Length="4792707" x-ms-client-request-id="d0ecd176-d3a3-11f0-bc79-28d0eaf4b892" x-ms-artifact-checksum="36794e108e6277a40b5ea2deb4c0ba865cf1619d85c7a2bc056238f077b2c150" X-ARR-LOG-ID="d0ecd176-d3a3-11f0-bc79-28d0eaf4b892" CLIENT-IP="89.247.163.18:15287" X-SITE-DEPLOYMENT-ID="four33-api" WAS-DEFAULT-HOSTNAME="four33-api-dmgddtanecdzbnh8.scm.westeurope-01.azurewebsites.net" X-Forwarded-Proto="https" X-AppService-Proto="https" X-Forwarded-TlsVersion="1.3" X-WAWS-Unencoded-URL="/api/zipdeploy?isAsync=true" X-Client-IP="89.247.163.18" X-Client-Port="15287" >
  <step title="ZipPushDeploy" date="2025-12-07T19:35:20.142" >
    <step title="ZipDeploy. Extract zip. Remote build." date="2025-12-07T19:35:20.147" /><!-- duration: 7ms -->
    <step title="Starting PushDeployAsync" date="2025-12-07T19:35:20.158" /><!-- duration: 2ms -->
    <step title="Writing artifact to /tmp/zipdeploy/177d8ad8-efbf-4e42-853f-eeac246398eb.zip" date="2025-12-07T19:35:20.172" >
      <step title="Writing multipart request body to /tmp/zipdeploy/177d8ad8-efbf-4e42-853f-eeac246398eb.zip" date="2025-12-07T19:35:20.175" /><!-- duration: 3ms -->
    </step><!-- duration: 858ms -->
    <step title="Start deployment in the background" date="2025-12-07T19:35:21.044" >
      <step title="Acquiring Deployment Lock" date="2025-12-07T19:35:21.074" /><!-- duration: 9ms -->
      <step title="Acquired Deployment Lock" date="2025-12-07T19:35:21.110" /><!-- duration: 6ms -->
    </step><!-- duration: 128ms -->
  </step><!-- duration: 1043ms -->
  <step title="Outgoing response" date="2025-12-07T19:35:21.192" type="response" statusCode="202" statusText="Accepted" /><!-- duration: 3ms -->
</step><!-- duration: 1090ms -->
