<step title="Incoming Request" date="2025-12-07T21:57:11.821" instance="41d990" url="/api/zipdeploy?isAsync=true" method="POST" type="request" pid="831,1,48" Accept="*/*" Host="four33-api-dmgddtanecdzbnh8.scm.westeurope-01.azurewebsites.net" User-Agent="AZURECLI/2.75.0 (MSI)" Accept-Encoding="gzip, deflate" Authorization="Bea..." Cache-Control="no-cache" Content-Type="application/octet-stream" Cookie="ARRAffinity=41d990ad34bd5e0f42c1fdc3f4923c61f776461bb4c2c644bde9e681f6c23001; ARRAffinitySameSite=41d990ad34bd5e0f42c1fdc3f4923c61f776461bb4c2c644bde9e681f6c23001" Content-Length="4815589" x-ms-client-request-id="a7a8d819-d3b7-11f0-bb62-28d0eaf4b892" x-ms-artifact-checksum="4c2ba481e4a1025c82de74e817a09d44a51420916059090ac3475263aa367e06" X-ARR-LOG-ID="a7a8d819-d3b7-11f0-bb62-28d0eaf4b892" CLIENT-IP="89.247.163.18:15234" X-SITE-DEPLOYMENT-ID="four33-api" WAS-DEFAULT-HOSTNAME="four33-api-dmgddtanecdzbnh8.scm.westeurope-01.azurewebsites.net" X-Forwarded-Proto="https" X-AppService-Proto="https" X-Forwarded-TlsVersion="1.3" X-WAWS-Unencoded-URL="/api/zipdeploy?isAsync=true" X-Client-IP="89.247.163.18" X-Client-Port="15234" >
  <step title="Cleanup Xml Logs" date="2025-12-07T21:57:11.835" /><!-- duration: 36ms -->
  <step title="ZipPushDeploy" date="2025-12-07T21:57:12.161" >
    <step title="ZipDeploy. Run from package." date="2025-12-07T21:57:12.176" /><!-- duration: 8ms -->
    <step title="None repository commit" date="2025-12-07T21:57:12.476" >
      <step title="Commit id: 73c54226-0258-40f9-9a0d-94110c9a6f51" date="2025-12-07T21:57:12.486" Message="N/A" AuthorName="N/A" AuthorEmail="N/A" /><!-- duration: 9ms -->
    </step><!-- duration: 27ms -->
    <step title="Starting PushDeployAsync" date="2025-12-07T21:57:12.545" /><!-- duration: 16ms -->
    <step title="WEBSITE_RUN_FROM_PACKAGE is set to 1. Writing zip to SitePackagesPath" date="2025-12-07T21:57:14.223" /><!-- duration: 12ms -->
    <step title="Copying zip to SitePackages /home/data/SitePackages/20251207215712.zip from request body" date="2025-12-07T21:57:14.277" /><!-- duration: 17ms -->
    <step title="Writing multipart request body to /home/data/SitePackages/20251207215712.zip" date="2025-12-07T21:57:14.308" /><!-- duration: 15ms -->
    <step title="Start deployment in the background" date="2025-12-07T21:57:15.019" >
      <step title="Acquiring Deployment Lock" date="2025-12-07T21:57:15.135" /><!-- duration: 12ms -->
      <step title="Acquired Deployment Lock" date="2025-12-07T21:57:15.316" /><!-- duration: 28ms -->
    </step><!-- duration: 747ms -->
  </step><!-- duration: 3651ms -->
  <step title="Outgoing response" date="2025-12-07T21:57:15.847" type="response" statusCode="202" statusText="Accepted" /><!-- duration: 14ms -->
</step><!-- duration: 4061ms -->
