<step title="Incoming Request" date="2025-12-07T20:23:01.015" instance="41d990" url="/api/zipdeploy?isAsync=true" method="POST" type="request" pid="831,1,16" Accept="*/*" Host="four33-api-dmgddtanecdzbnh8.scm.westeurope-01.azurewebsites.net" User-Agent="AZURECLI/2.75.0 (MSI)" Accept-Encoding="gzip, deflate" Authorization="Bea..." Cache-Control="no-cache" Content-Type="application/octet-stream" Cookie="ARRAffinity=41d990ad34bd5e0f42c1fdc3f4923c61f776461bb4c2c644bde9e681f6c23001; ARRAffinitySameSite=41d990ad34bd5e0f42c1fdc3f4923c61f776461bb4c2c644bde9e681f6c23001" Content-Length="4804557" x-ms-client-request-id="7e54f25e-d3aa-11f0-8192-28d0eaf4b892" x-ms-artifact-checksum="7bc8712b38c5d0f89d75d0186abea223b53de42e9bdd8c0d8171c65dd4180747" X-ARR-LOG-ID="7e54f25e-d3aa-11f0-8192-28d0eaf4b892" CLIENT-IP="89.247.163.18:15294" X-SITE-DEPLOYMENT-ID="four33-api" WAS-DEFAULT-HOSTNAME="four33-api-dmgddtanecdzbnh8.scm.westeurope-01.azurewebsites.net" X-Forwarded-Proto="https" X-AppService-Proto="https" X-Forwarded-TlsVersion="1.3" X-WAWS-Unencoded-URL="/api/zipdeploy?isAsync=true" X-Client-IP="89.247.163.18" X-Client-Port="15294" >
  <step title="ZipPushDeploy" date="2025-12-07T20:23:01.055" >
    <step title="ZipDeploy. Extract zip." date="2025-12-07T20:23:01.076" /><!-- duration: 10ms -->
    <step title="None repository commit" date="2025-12-07T20:23:01.102" >
      <step title="Commit id: 4374c367-3a89-462a-a927-19a9b60f849d" date="2025-12-07T20:23:01.109" Message="N/A" AuthorName="N/A" AuthorEmail="N/A" /><!-- duration: 7ms -->
    </step><!-- duration: 21ms -->
    <step title="Starting PushDeployAsync" date="2025-12-07T20:23:01.135" /><!-- duration: 7ms -->
    <step title="Writing artifact to /tmp/zipdeploy/f1d073a5-c104-4ec6-8920-71baaa5cb2f1.zip" date="2025-12-07T20:23:01.180" >
      <step title="Writing multipart request body to /tmp/zipdeploy/f1d073a5-c104-4ec6-8920-71baaa5cb2f1.zip" date="2025-12-07T20:23:01.189" /><!-- duration: 8ms -->
    </step><!-- duration: 1070ms -->
    <step title="Start deployment in the background" date="2025-12-07T20:23:02.280" >
      <step title="Acquiring Deployment Lock" date="2025-12-07T20:23:02.336" /><!-- duration: 7ms -->
      <step title="Acquired Deployment Lock" date="2025-12-07T20:23:02.394" /><!-- duration: 7ms -->
    </step><!-- duration: 254ms -->
  </step><!-- duration: 1498ms -->
  <step title="Outgoing response" date="2025-12-07T20:23:02.564" type="response" statusCode="202" statusText="Accepted" /><!-- duration: 7ms -->
</step><!-- duration: 1564ms -->
