﻿<?xml version="1.0" encoding="utf-8"?>
<deployment>
  <id>59ad728f-9914-4f36-b005-3ce343d41b75</id>
  <author>N/A</author>
  <deployer>Push-Deployer</deployer>
  <authorEmail>N/A</authorEmail>
  <message>Created via a push deployment</message>
  <progress></progress>
  <status>Success</status>
  <statusText></statusText>
  <lastSuccessEndTime>2025-12-07T19:37:44.165836Z</lastSuccessEndTime>
  <receivedTime>2025-12-07T19:37:38.5395077Z</receivedTime>
  <startTime>2025-12-07T19:37:40.238026Z</startTime>
  <endTime>2025-12-07T19:37:44.165836Z</endTime>
  <complete>True</complete>
  <is_temp>False</is_temp>
  <is_readonly>True</is_readonly>
  <buildSummary />
</deployment>